Metric,Count,Mean,Median,Min,Max,P95,P99,Stdev,Unit,Status
Session Creation,100,0.013931168941780925,0.011291500413790345,0.010124989785254002,0.11158300912939012,0.029447299311868846,0.11085717909736559,0.011210848486399961,ms,MEASURED
Session Lookup,100,0.00019904080545529723,0.000166997779160738,8.300412446260452e-05,0.0018330174498260021,0.00037290301406756043,0.0018217673641629517,0.0001839896059714032,ms,MEASURED
Deepgram STT,,,,,,,,,,NOT MEASURED
Groq LLM,,,,,,,,,,NOT MEASURED
ElevenLabs TTS,,,,,,,,,,NOT MEASURED
